{
    "name": "root",
    "gauges": {
        "SideScroller.Policy.Entropy.mean": {
            "value": 4.085321426391602,
            "min": 3.961142063140869,
            "max": 4.0919718742370605,
            "count": 19
        },
        "SideScroller.Policy.Entropy.sum": {
            "value": 122604.5859375,
            "min": 40618.671875,
            "max": 123528.4453125,
            "count": 19
        },
        "SideScroller.Environment.EpisodeLength.mean": {
            "value": 1335.8636363636363,
            "min": 866.7272727272727,
            "max": 1722.2222222222222,
            "count": 19
        },
        "SideScroller.Environment.EpisodeLength.sum": {
            "value": 29389.0,
            "min": 9534.0,
            "max": 31559.0,
            "count": 19
        },
        "SideScroller.Step.mean": {
            "value": 2549781.0,
            "min": 2009749.0,
            "max": 2549781.0,
            "count": 19
        },
        "SideScroller.Step.sum": {
            "value": 2549781.0,
            "min": 2009749.0,
            "max": 2549781.0,
            "count": 19
        },
        "SideScroller.Policy.ExtrinsicValueEstimate.mean": {
            "value": 0.09239757061004639,
            "min": 0.048683155328035355,
            "max": 0.09239757061004639,
            "count": 19
        },
        "SideScroller.Policy.ExtrinsicValueEstimate.sum": {
            "value": 10.348527908325195,
            "min": 2.531763792037964,
            "max": 10.348527908325195,
            "count": 19
        },
        "SideScroller.Policy.CuriosityValueEstimate.mean": {
            "value": 0.06842849403619766,
            "min": 0.047128863632678986,
            "max": 0.11611446738243103,
            "count": 19
        },
        "SideScroller.Policy.CuriosityValueEstimate.sum": {
            "value": 7.6639909744262695,
            "min": 4.160576820373535,
            "max": 12.540362358093262,
            "count": 19
        },
        "SideScroller.Environment.CumulativeReward.mean": {
            "value": 0.9635108779083289,
            "min": 0.3727454978295348,
            "max": 1.1644876766738228,
            "count": 19
        },
        "SideScroller.Environment.CumulativeReward.sum": {
            "value": 22.160750191891566,
            "min": 4.100200476124883,
            "max": 25.787721141590737,
            "count": 19
        },
        "SideScroller.Policy.ExtrinsicReward.mean": {
            "value": 0.9635108779083289,
            "min": 0.3727454978295348,
            "max": 1.1644876766738228,
            "count": 19
        },
        "SideScroller.Policy.ExtrinsicReward.sum": {
            "value": 22.160750191891566,
            "min": 4.100200476124883,
            "max": 25.787721141590737,
            "count": 19
        },
        "SideScroller.Policy.CuriosityReward.mean": {
            "value": 1.1446061792667024,
            "min": 0.2965337434275584,
            "max": 2.7072610901290317,
            "count": 19
        },
        "SideScroller.Policy.CuriosityReward.sum": {
            "value": 26.325942123134155,
            "min": 3.261871177703142,
            "max": 54.145221802580636,
            "count": 19
        },
        "SideScroller.Losses.PolicyLoss.mean": {
            "value": 0.03070544611662627,
            "min": 0.029163666845609743,
            "max": 0.038374178108966185,
            "count": 19
        },
        "SideScroller.Losses.PolicyLoss.sum": {
            "value": 0.15352723058313134,
            "min": 0.029163666845609743,
            "max": 0.23024506865379712,
            "count": 19
        },
        "SideScroller.Losses.ValueLoss.mean": {
            "value": 0.0015975362601845212,
            "min": 0.0011897775804552819,
            "max": 0.0319498606491834,
            "count": 19
        },
        "SideScroller.Losses.ValueLoss.sum": {
            "value": 0.007987681300922606,
            "min": 0.0014183732389938086,
            "max": 0.159749303245917,
            "count": 19
        },
        "SideScroller.Policy.LearningRate.mean": {
            "value": 0.0002746422664525806,
            "min": 0.0002746422664525806,
            "max": 0.00027994873668375666,
            "count": 19
        },
        "SideScroller.Policy.LearningRate.sum": {
            "value": 0.001373211332262903,
            "min": 0.00027994873668375666,
            "max": 0.0016785863604712264,
            "count": 19
        },
        "SideScroller.Policy.Epsilon.mean": {
            "value": 0.19154741933333339,
            "min": 0.19154741933333339,
            "max": 0.19331624333333336,
            "count": 19
        },
        "SideScroller.Policy.Epsilon.sum": {
            "value": 0.957737096666667,
            "min": 0.19331624333333336,
            "max": 1.1595287733333335,
            "count": 19
        },
        "SideScroller.Policy.Beta.mean": {
            "value": 0.004578216224733334,
            "min": 0.004578216224733334,
            "max": 0.004666480542333334,
            "count": 19
        },
        "SideScroller.Policy.Beta.sum": {
            "value": 0.022891081123666668,
            "min": 0.004666480542333334,
            "max": 0.027980485789333334,
            "count": 19
        },
        "SideScroller.Losses.CuriosityForwardLoss.mean": {
            "value": 0.07441978491842746,
            "min": 0.04239082792773843,
            "max": 0.09871726085742313,
            "count": 19
        },
        "SideScroller.Losses.CuriosityForwardLoss.sum": {
            "value": 0.37209892459213734,
            "min": 0.05695391496022542,
            "max": 0.4935863042871157,
            "count": 19
        },
        "SideScroller.Losses.CuriosityInverseLoss.mean": {
            "value": 6.791482458114624,
            "min": 5.624091225200229,
            "max": 6.791482458114624,
            "count": 19
        },
        "SideScroller.Losses.CuriosityInverseLoss.sum": {
            "value": 33.95741229057312,
            "min": 5.709255727132161,
            "max": 40.679346927007046,
            "count": 19
        },
        "SideScroller.IsTraining.mean": {
            "value": 1.0,
            "min": 1.0,
            "max": 1.0,
            "count": 19
        },
        "SideScroller.IsTraining.sum": {
            "value": 1.0,
            "min": 1.0,
            "max": 1.0,
            "count": 19
        }
    },
    "metadata": {
        "timer_format_version": "0.1.0",
        "start_time_seconds": "1652134658",
        "python_version": "3.9.7 (default, Sep 16 2021, 16:59:28) [MSC v.1916 64 bit (AMD64)]",
        "command_line_arguments": "C:\\Users\\harri\\python-envs\\sample-env\\Scripts\\mlagents-learn config\\ppo\\SideScroller.yaml --run-id=Test56 --env=Build2\\GameLevelChanging.exe --torch-device=cuda --time-scale=3 --resume",
        "mlagents_version": "0.27.0",
        "mlagents_envs_version": "0.27.0",
        "communication_protocol_version": "1.5.0",
        "pytorch_version": "1.7.1+cu110",
        "numpy_version": "1.21.4",
        "end_time_seconds": "1652140452"
    },
    "total": 5793.7195245,
    "count": 1,
    "self": 0.06178580000050715,
    "children": {
        "run_training.setup": {
            "total": 0.1249835999999993,
            "count": 1,
            "self": 0.1249835999999993
        },
        "TrainerController.start_learning": {
            "total": 5793.5327551,
            "count": 1,
            "self": 9.641659800167872,
            "children": {
                "TrainerController._reset_env": {
                    "total": 11.951431600000001,
                    "count": 1,
                    "self": 11.951431600000001
                },
                "TrainerController.advance": {
                    "total": 5771.631374999832,
                    "count": 550778,
                    "self": 9.671379799732676,