{
    "name": "root",
    "gauges": {
        "SideScroller.Policy.Entropy.mean": {
            "value": 3.414748191833496,
            "min": 3.414748191833496,
            "max": 3.4382858276367188,
            "count": 2
        },
        "SideScroller.Policy.Entropy.sum": {
            "value": 102442.4453125,
            "min": 102442.4453125,
            "max": 103148.578125,
            "count": 2
        },
        "SideScroller.Step.mean": {
            "value": 59700.0,
            "min": 29700.0,
            "max": 59700.0,
            "count": 2
        },
        "SideScroller.Step.sum": {
            "value": 59700.0,
            "min": 29700.0,
            "max": 59700.0,
            "count": 2
        },
        "SideScroller.Policy.ExtrinsicValueEstimate.mean": {
            "value": -0.08089819550514221,
            "min": -0.40807095170021057,
            "max": -0.08089819550514221,
            "count": 2
        },
        "SideScroller.Policy.ExtrinsicValueEstimate.sum": {
            "value": -8.08981990814209,
            "min": -40.399024963378906,
            "max": -8.08981990814209,
            "count": 2
        },
        "SideScroller.Policy.CuriosityValueEstimate.mean": {
            "value": 32.48637390136719,
            "min": 18.705530166625977,
            "max": 32.48637390136719,
            "count": 2
        },
        "SideScroller.Policy.CuriosityValueEstimate.sum": {
            "value": 3248.63720703125,
            "min": 1851.847412109375,
            "max": 3248.63720703125,
            "count": 2
        },
        "SideScroller.Losses.PolicyLoss.mean": {
            "value": 0.033441534048567215,
            "min": 0.029843790202091137,
            "max": 0.033441534048567215,
            "count": 2
        },
        "SideScroller.Losses.PolicyLoss.sum": {
            "value": 0.2006492042914033,
            "min": 0.14921895101045568,
            "max": 0.2006492042914033,
            "count": 2
        },
        "SideScroller.Losses.ValueLoss.mean": {
            "value": 2.254399475455284,
            "min": 2.254399475455284,
            "max": 11.370831137891317,
            "count": 2
        },
        "SideScroller.Losses.ValueLoss.sum": {
            "value": 13.526396852731704,
            "min": 13.526396852731704,
            "max": 56.85415568945658,
            "count": 2
        },
        "SideScroller.Policy.LearningRate.mean": {
            "value": 0.0002995410001529999,
            "min": 0.0002995410001529999,
            "max": 0.000299838000054,
            "count": 2
        },
        "SideScroller.Policy.LearningRate.sum": {
            "value": 0.0017972460009179996,
            "min": 0.00149919000027,
            "max": 0.0017972460009179996,
            "count": 2
        },
        "SideScroller.Policy.Epsilon.mean": {
            "value": 0.199847,
            "min": 0.199847,
            "max": 0.199946,
            "count": 2
        },
        "SideScroller.Policy.Epsilon.sum": {
            "value": 1.199082,
            "min": 0.99973,
            "max": 1.199082,
            "count": 2
        },
        "SideScroller.Policy.Beta.mean": {
            "value": 0.004992365299999999,
            "min": 0.004992365299999999,
            "max": 0.004997305400000001,
            "count": 2
        },
        "SideScroller.Policy.Beta.sum": {
            "value": 0.029954191799999995,
            "min": 0.024986527,
            "max": 0.029954191799999995,
            "count": 2
        },
        "SideScroller.Losses.CuriosityForwardLoss.mean": {
            "value": 25.82451052286972,
            "min": 25.82451052286972,
            "max": 12741.646896432243,
            "count": 2
        },
        "SideScroller.Losses.CuriosityForwardLoss.sum": {
            "value": 154.94706313721832,
            "min": 154.94706313721832,
            "max": 63708.23448216121,
            "count": 2
        },
        "SideScroller.Losses.CuriosityInverseLoss.mean": {
            "value": 3.7351541227764558,
            "min": 3.7351541227764558,
            "max": 197.9610859886805,
            "count": 2
        },
        "SideScroller.Losses.CuriosityInverseLoss.sum": {
            "value": 22.410924736658735,
            "min": 22.410924736658735,
            "max": 989.8054299434026,
            "count": 2
        },
        "SideScroller.IsTraining.mean": {
            "value": 1.0,
            "min": 1.0,
            "max": 1.0,
            "count": 2
        },
        "SideScroller.IsTraining.sum": {
            "value": 1.0,
            "min": 1.0,
            "max": 1.0,
            "count": 2
        }
    },
    "metadata": {
        "timer_format_version": "0.1.0",
        "start_time_seconds": "1652363699",
        "python_version": "3.9.7 (default, Sep 16 2021, 16:59:28) [MSC v.1916 64 bit (AMD64)]",
        "command_line_arguments": "C:\\Users\\harri\\python-envs\\sample-env\\Scripts\\mlagents-learn config\\ppo\\SideScroller.yaml --run-id=Test56 --env=Build2\\GameLevelChanging.exe --torch-device=cuda --time-scale=3 --no-graphics --force",
        "mlagents_version": "0.27.0",
        "mlagents_envs_version": "0.27.0",
        "communication_protocol_version": "1.5.0",
        "pytorch_version": "1.7.1+cu110",
        "numpy_version": "1.21.4",
        "end_time_seconds": "1652364288"
    },
    "total": 588.5227157,
    "count": 1,
    "self": 0.006058300000063355,
    "children": {
        "run_training.setup": {
            "total": 0.08761370000000002,
            "count": 1,
            "self": 0.08761370000000002
        },
        "TrainerController.start_learning": {
            "total": 588.4290437,
            "count": 1,
            "self": 1.0170613000095727,
            "children": {
                "TrainerController._reset_env": {
                    "total": 4.512427,
                    "count": 1,
                    "self": 4.512427
                },
                "TrainerController.advance": {
                    "total": 581.9427894999903,
                    "count": 64997,
                    "self": 1.0210848999972768,
                    "children": {
                        "env_step": {
                            "total": 549.6008703999948,
                            "count": 64997,
                            "self": 211.52115259999414,
                            "children": {
                                "SubprocessEnvManager._take_step": {
                                    "total": 337.3982154000019,
                                    "count": 64997,
                                    "self": 3.0326262000076554,
                                    "children": {
                                        "TorchPolicy.evaluate": {
                                            "total": 334.36558919999425,
                                            "count": 64997,
                                            "self": 105.34969790000022,
                                            "children": {
                                                "TorchPolicy.sample_actions": {
                                                    "total": 229.01589129999402,
                                                    "count": 64997,
                                                    "self": 229.01589129999402
                                                }
                                            }
                                        }
                                    }
                                },
                                "workers": {
                                    "total": 0.6815023999988252,
                                    "count": 64996,
                                    "self": 0.0,
                                    "children": {
                                        "worker_root": {
                                            "total": 584.5491473999947,