{
    "name": "root",
    "gauges": {
        "SideScroller.Policy.Entropy.mean": {
            "value": 0.5209783315658569,
            "min": 0.2535457909107208,
            "max": 1.077440619468689,
            "count": 15
        },
        "SideScroller.Policy.Entropy.sum": {
            "value": 26046.310546875,
            "min": 12654.470703125,
            "max": 54211.42578125,
            "count": 15
        },
        "SideScroller.Environment.EpisodeLength.mean": {
            "value": 165.07236842105263,
            "min": 161.29032258064515,
            "max": 3999.0,
            "count": 15
        },
        "SideScroller.Environment.EpisodeLength.sum": {
            "value": 50182.0,
            "min": 32947.0,
            "max": 59985.0,
            "count": 15
        },
        "SideScroller.Step.mean": {
            "value": 749975.0,
            "min": 49969.0,
            "max": 749975.0,
            "count": 15
        },
        "SideScroller.Step.sum": {
            "value": 749975.0,
            "min": 49969.0,
            "max": 749975.0,
            "count": 15
        },
        "SideScroller.Policy.ExtrinsicValueEstimate.mean": {
            "value": -0.6098747849464417,
            "min": -0.6250117421150208,
            "max": 0.023454662412405014,
            "count": 15
        },
        "SideScroller.Policy.ExtrinsicValueEstimate.sum": {
            "value": -368.3643798828125,
            "min": -385.63226318359375,
            "max": 9.897867202758789,
            "count": 15
        },
        "SideScroller.Policy.CuriosityValueEstimate.mean": {
            "value": 0.3478131592273712,
            "min": 0.04903450608253479,
            "max": 1.448364496231079,
            "count": 15
        },
        "SideScroller.Policy.CuriosityValueEstimate.sum": {
            "value": 210.0791473388672,
            "min": 19.711872100830078,
            "max": 712.5953369140625,
            "count": 15
        },
        "SideScroller.Environment.CumulativeReward.mean": {
            "value": -1.0017874497284793,
            "min": -1.0049026168668025,
            "max": 0.007052883294606715,
            "count": 15
        },
        "SideScroller.Environment.CumulativeReward.sum": {
            "value": -303.54159726772923,
            "min": -310.5513803620124,
            "max": 0.10579324941910073,
            "count": 15
        },
        "SideScroller.Policy.ExtrinsicReward.mean": {
            "value": -1.0017874497284793,
            "min": -1.0049026168668025,
            "max": 0.007052883294606715,
            "count": 15
        },
        "SideScroller.Policy.ExtrinsicReward.sum": {
            "value": -303.54159726772923,
            "min": -310.5513803620124,
            "max": 0.10579324941910073,
            "count": 15
        },
        "SideScroller.Policy.CuriosityReward.mean": {
            "value": 0.011160462077133813,
            "min": 0.010581435819133936,
            "max": 1.3483150113477476,
            "count": 15
        },
        "SideScroller.Policy.CuriosityReward.sum": {
            "value": 3.381620009371545,
            "min": 3.28024510393152,
            "max": 169.8876914298162,
            "count": 15
        },
        "SideScroller.Losses.PolicyLoss.mean": {
            "value": 0.06814666025025178,
            "min": 0.06483624627950746,
            "max": 0.07147348678668274,
            "count": 15
        },
        "SideScroller.Losses.PolicyLoss.sum": {
            "value": 1.6355198460060425,
            "min": 1.4912336644286717,
            "max": 1.7153636828803855,
            "count": 15
        },
        "SideScroller.Losses.ValueLoss.mean": {
            "value": 2.78532291259992e-05,
            "min": 1.058480404077811e-05,
            "max": 0.008330962681925342,
            "count": 15
        },
        "SideScroller.Losses.ValueLoss.sum": {
            "value": 0.0006684774990239808,
            "min": 0.00024345049293789656,
            "max": 0.19161214168428287,
            "count": 15
        },
        "SideScroller.Policy.LearningRate.mean": {
            "value": 0.0002782532297489258,
            "min": 0.0002782532297489258,
            "max": 0.0002992309893867717,
            "count": 15
        },
        "SideScroller.Policy.LearningRate.sum": {
            "value": 0.006678077513974219,
            "min": 0.00650342782219077,
            "max": 0.007038414533861839,
            "count": 15
        },
        "SideScroller.Policy.Epsilon.mean": {
            "value": 0.19275107416666667,
            "min": 0.19275107416666667,
            "max": 0.1997436630434783,
            "count": 15
        },
        "SideScroller.Policy.Epsilon.sum": {
            "value": 4.62602578,
            "min": 4.46780923,
            "max": 4.74613816,
            "count": 15
        },
        "SideScroller.Policy.Beta.mean": {
            "value": 0.00927583230925,
            "min": 0.00927583230925,
            "max": 0.00997439193804348,
            "count": 15
        },
        "SideScroller.Policy.Beta.sum": {
            "value": 0.22261997542200002,
            "min": 0.216794142077,
            "max": 0.234619202184,
            "count": 15
        },
        "SideScroller.Losses.CuriosityForwardLoss.mean": {
            "value": 0.0034030265729550336,
            "min": 0.0033232066249790173,
            "max": 0.45446742169788457,
            "count": 15
        },
        "SideScroller.Losses.CuriosityForwardLoss.sum": {
            "value": 0.0816726377509208,
            "min": 0.07740813611356619,
            "max": 10.452750699051345,
            "count": 15
        },
        "SideScroller.Losses.CuriosityInverseLoss.mean": {
            "value": 0.6918551463213767,
            "min": 0.39181125894322266,
            "max": 2.2126000828831396,
            "count": 15
        },
        "SideScroller.Losses.CuriosityInverseLoss.sum": {
            "value": 16.60452351171304,
            "min": 9.011658955694122,
            "max": 50.889801906312215,
            "count": 15
        },
        "SideScroller.Losses.PretrainingLoss.mean": {
            "value": 0.0,
            "min": 0.0,
            "max": 0.5326737808438885,
            "count": 15
        },
        "SideScroller.Losses.PretrainingLoss.sum": {
            "value": 0.0,
            "min": 0.0,
            "max": 12.251496959409435,
            "count": 15
        },
        "SideScroller.IsTraining.mean": {
            "value": 1.0,
            "min": 1.0,
            "max": 1.0,
            "count": 15
        },
        "SideScroller.IsTraining.sum": {
            "value": 1.0,
            "min": 1.0,
            "max": 1.0,
            "count": 15
        }
    },
    "metadata": {
        "timer_format_version": "0.1.0",
        "start_time_seconds": "1645304410",
        "python_version": "3.9.7 (default, Sep 16 2021, 16:59:28) [MSC v.1916 64 bit (AMD64)]",
        "command_line_arguments": "C:\\Users\\harri\\python-envs\\sample-env\\Scripts\\mlagents-learn config\\imitation\\SideScroller.yaml --env Build\\Game.exe --run-id=Test20BC --force",
        "mlagents_version": "0.27.0",
        "mlagents_envs_version": "0.27.0",
        "communication_protocol_version": "1.5.0",
        "pytorch_version": "1.7.1+cu110",
        "numpy_version": "1.21.4",
        "end_time_seconds": "1645306675"
    },
    "total": 2265.7144964999998,
    "count": 1,
    "self": 0.13103270000010525,
    "children": {
        "run_training.setup": {
            "total": 0.15966029999999987,
            "count": 1,
            "self": 0.15966029999999987
        },
        "TrainerController.start_learning": {
            "total": 2265.4238035,
            "count": 1,
            "self": 2.9559082000196213,
            "children": {
                "TrainerController._reset_env": {
                    "total": 11.703276,
                    "count": 1,