{
    "name": "root",
    "metadata": {
        "timer_format_version": "0.1.0",
        "start_time_seconds": "1646335179",
        "python_version": "3.9.7 (default, Sep 16 2021, 16:59:28) [MSC v.1916 64 bit (AMD64)]",
        "command_line_arguments": "C:\\Users\\harri\\python-envs\\sample-env\\Scripts\\mlagents-learn config\\imitation\\SideScroller.yaml --env=Build\\Game.exe --run-id=Test21 --force",
        "mlagents_version": "0.27.0",
        "mlagents_envs_version": "0.27.0",
        "communication_protocol_version": "1.5.0",
        "pytorch_version": "1.7.1+cu110",
        "numpy_version": "1.21.4",
        "end_time_seconds": "1646335203"
    },
    "total": 23.1359642,
    "count": 1,
    "self": 1.7105141999999987,
    "children": {
        "run_training.setup": {
            "total": 0.08651370000000014,
            "count": 1,
            "self": 0.08651370000000014
        },
        "TrainerController.start_learning": {
            "total": 21.3389363,
            "count": 1,
            "self": 0.00010739999999742622,
            "children": {
                "TrainerController._reset_env": {
                    "total": 20.6339161,
                    "count": 1,
                    "self": 6.128739700000001,
                    "children": {
                        "demo_to_buffer": {
                            "total": 14.5051764,
                            "count": 2,
                            "self": 0.0002889000000028119,
                            "children": {
                                "load_demonstration": {
                                    "total": 0.20533170000000034,
                                    "count": 2,
                                    "self": 0.20101790000000097,
                                    "children": {
                                        "read_file": {
                                            "total": 0.004313799999999368,
                                            "count": 2,
                                            "self": 0.004313799999999368
                                        }
                                    }
                                },
                                "make_demo_buffer": {
                                    "total": 14.299555799999997,
                                    "count": 2,
                                    "self": 1.780173699999743,
                                    "children": {
                                        "steps_from_proto": {
                                            "total": 12.519382100000254,
                                            "count": 55612,
                                            "self": 6.985267300000647,
                                            "children": {
                                                "_process_rank_one_or_two_observation": {
                                                    "total": 5.534114799999607,
                                                    "count": 333672,
                                                    "self": 5.534114799999607
                                                }
                                            }
                                        }
                                    }
                                }
                            }
                        }
                    }
                },
                "TrainerController.advance": {
                    "total": 0.642012600000001,
                    "count": 1,
                    "self": 5.700000002661909e-06,
                    "children": {
                        "env_step": {
                            "total": 0.6420068999999984,
                            "count": 1,
                            "self": 0.00011800000000050659,
                            "children": {
                                "SubprocessEnvManager._take_step": {
                                    "total": 0.6418888999999979,
                                    "count": 1,
                                    "self": 2.9199999996620818e-05,
                                    "children": {
                                        "TorchPolicy.evaluate": {
                                            "total": 0.6418597000000013,
                                            "count": 1,
                                            "self": 0.0005627000000032467,
                                            "children": {
                                                "TorchPolicy.sample_actions": {
                                                    "total": 0.641296999999998,
                                                    "count": 1,
                                                    "self": 0.641296999999998
                                                }
                                            }
                                        }
                                    }
                                }
                            }
                        }
                    }
                },
                "TrainerController._save_models": {
                    "total": 0.0629002000000014,
                    "count": 1,
                    "self": 2.1000000000270802e-05,
                    "children": {
                        "RLTrainer._checkpoint": {
                            "total": 0.06287920000000113,
                            "count": 1,
                            "self": 0.06287920000000113
                        }
                    }
                }
            }
        }
    }
}