{
    "name": "root",
    "gauges": {
        "SideScroller.Policy.Entropy.mean": {
            "value": 0.8113315105438232,
            "min": -7.489842891693115,
            "max": 0.9632379412651062,
            "count": 264
        },
        "SideScroller.Policy.Entropy.sum": {
            "value": 24283.15234375,
            "min": -224433.140625,
            "max": 28979.013671875,
            "count": 264
        },
        "SideScroller.Step.mean": {
            "value": 7919943.0,
            "min": 29989.0,
            "max": 7919943.0,
            "count": 264
        },
        "SideScroller.Step.sum": {
            "value": 7919943.0,
            "min": 29989.0,
            "max": 7919943.0,
            "count": 264
        },
        "SideScroller.Policy.ExtrinsicValueEstimate.mean": {
            "value": 0.03606288880109787,
            "min": -0.4234273433685303,
            "max": 0.05828294903039932,
            "count": 264
        },
        "SideScroller.Policy.ExtrinsicValueEstimate.sum": {
            "value": 16.94955825805664,
            "min": -201.55142211914062,
            "max": 27.509552001953125,
            "count": 264
        },
        "SideScroller.Environment.EpisodeLength.mean": {
            "value": 5999.0,
            "min": 113.12,
            "max": 5999.0,
            "count": 264
        },
        "SideScroller.Environment.EpisodeLength.sum": {
            "value": 29995.0,
            "min": 2828.0,
            "max": 37624.0,
            "count": 264
        },
        "SideScroller.LevelComplete.mean": {
            "value": 0.0,
            "min": 0.0,
            "max": 0.0,
            "count": 1
        },
        "SideScroller.LevelComplete.sum": {
            "value": 0.0,
            "min": 0.0,
            "max": 0.0,
            "count": 1
        },
        "SideScroller.Environment.CumulativeReward.mean": {
            "value": 2.2692110700998454,
            "min": -0.46039932359009983,
            "max": 2.937432849835022,
            "count": 264
        },
        "SideScroller.Environment.CumulativeReward.sum": {
            "value": 11.346055350499228,
            "min": -11.509983089752495,
            "max": 17.101542354299454,
            "count": 264
        },
        "SideScroller.Policy.ExtrinsicReward.mean": {
            "value": 2.2692110700998454,
            "min": -0.46039932359009983,
            "max": 2.937432849835022,
            "count": 264
        },
        "SideScroller.Policy.ExtrinsicReward.sum": {
            "value": 11.346055350499228,
            "min": -11.509983089752495,
            "max": 17.101542354299454,
            "count": 264
        },
        "SideScroller.Losses.PolicyLoss.mean": {
            "value": 0.40360191619293245,
            "min": 0.02752913471339436,
            "max": 0.48914648070024386,
            "count": 264
        },
        "SideScroller.Losses.PolicyLoss.sum": {
            "value": 10.897251737209176,
            "min": 0.7432866372616478,
            "max": 13.273170663005052,
            "count": 264
        },
        "SideScroller.Losses.ValueLoss.mean": {
            "value": 9.310600157643662e-06,
            "min": 2.3817912348646957e-06,
            "max": 0.007979295442775867,
            "count": 264
        },
        "SideScroller.Losses.ValueLoss.sum": {
            "value": 0.0002513862042563789,
            "min": 6.430836334134678e-05,
            "max": 0.18352379518384493,
            "count": 264
        },
        "SideScroller.Policy.LearningRate.mean": {
            "value": 6.285092682749517e-05,
            "min": 6.285092682749517e-05,
            "max": 0.0002995566953651596,
            "count": 264
        },
        "SideScroller.Policy.LearningRate.sum": {
            "value": 0.0016969750243423698,
            "min": 0.0016969750243423698,
            "max": 0.00799079997640002,
            "count": 264
        },
        "SideScroller.Policy.Epsilon.mean": {
            "value": 0.1209502825925926,
            "min": 0.1209502825925926,
            "max": 0.19985223173913044,
            "count": 264
        },
        "SideScroller.Policy.Epsilon.sum": {
            "value": 3.26565763,
            "min": 3.26565763,
            "max": 5.363599980000001,
            "count": 264
        },
        "SideScroller.Policy.Beta.mean": {
            "value": 0.0021029332310000004,
            "min": 0.0021029332310000004,
            "max": 0.00998523795073913,
            "count": 264
        },
        "SideScroller.Policy.Beta.sum": {
            "value": 0.056779197237000006,
            "min": 0.056779197237000006,
            "max": 0.26636363800199997,
            "count": 264
        },
        "SideScroller.Losses.PretrainingLoss.mean": {
            "value": 0.0,
            "min": 0.0,
            "max": 0.045247387494679624,
            "count": 264
        },
        "SideScroller.Losses.PretrainingLoss.sum": {
            "value": 0.0,
            "min": 0.0,
            "max": 1.0406899123776314,
            "count": 264
        },
        "SideScroller.IsTraining.mean": {
            "value": 1.0,
            "min": 1.0,
            "max": 1.0,
            "count": 264
        },
        "SideScroller.IsTraining.sum": {
            "value": 1.0,
            "min": 1.0,
            "max": 1.0,
            "count": 264
        }
    },
    "metadata": {
        "timer_format_version": "0.1.0",
        "start_time_seconds": "1652877192",
        "python_version": "3.9.7 (default, Sep 16 2021, 16:59:28) [MSC v.1916 64 bit (AMD64)]",
        "command_line_arguments": "C:\\Users\\harri\\python-envs\\sample-env\\Scripts\\mlagents-learn config/Imitation/SideScroller2BCRL.yaml --run-id=Test62 --env=Build2/GameLevelChanging.exe --torch-device=cuda --time-scale=3 --force",
        "mlagents_version": "0.27.0",
        "mlagents_envs_version": "0.27.0",
        "communication_protocol_version": "1.5.0",
        "pytorch_version": "1.7.1+cu110",
        "numpy_version": "1.21.4",
        "end_time_seconds": "1652896065"
    },
    "total": 18873.4429148,
    "count": 1,
    "self": 0.18585280000115745,
    "children": {
        "run_training.setup": {
            "total": 0.09926749999999984,
            "count": 1,
            "self": 0.09926749999999984
        },
        "TrainerController.start_learning": {
            "total": 18873.1577945,
            "count": 1,
            "self": 36.06107959869769,
            "children": {
                "TrainerController._reset_env": {
                    "total": 36.5193159,
                    "count": 1,
                    "self": 9.807407300000005,
                    "children": {
                        "demo_to_buffer": {
                            "total": 26.711908599999997,
                            "count": 1,
                            "self": 0.0004270999999995695,
                            "children": {
                                "load_demonstration": {
                                    "total": 0.35775690000000004,
                                    "count": 1,
                                    "self": 0.3467912999999996,
                                    "children": {
                                        "read_file": {
                                            "total": 0.010965600000000464,
                                            "count": 1,
                                            "self": 0.010965600000000464
                                        }
                                    }
                                },
                                "make_demo_buffer": {
                                    "total": 26.3537246,
                                    "count": 1,
                                    "self": 3.2577457000002177,