{
    "name": "root",
    "metadata": {
        "timer_format_version": "0.1.0",
        "start_time_seconds": "1644758125",
        "python_version": "3.9.7 (default, Sep 16 2021, 16:59:28) [MSC v.1916 64 bit (AMD64)]",
        "command_line_arguments": "C:\\Users\\harri\\python-envs\\sample-env\\Scripts\\mlagents-learn config\\ppo\\SideScroller.yaml --run-id=Test7 --resume",
        "mlagents_version": "0.27.0",
        "mlagents_envs_version": "0.27.0",
        "communication_protocol_version": "1.5.0",
        "pytorch_version": "1.7.1+cu110",
        "numpy_version": "1.21.4",
        "end_time_seconds": "1644758150"
    },
    "total": 24.5372676,
    "count": 1,
    "self": 0.005966399999998373,
    "children": {
        "run_training.setup": {
            "total": 0.0935317,
            "count": 1,
            "self": 0.0935317
        },
        "TrainerController.start_learning": {
            "total": 24.4377695,
            "count": 1,
            "self": 0.027721299999974747,
            "children": {
                "TrainerController._reset_env": {
                    "total": 5.0946605,
                    "count": 1,
                    "self": 5.0946605
                },
                "TrainerController.advance": {
                    "total": 19.11374140000003,
                    "count": 1701,
                    "self": 0.027121900000043553,
                    "children": {
                        "env_step": {
                            "total": 18.702018499999966,
                            "count": 1701,
                            "self": 12.315624299999927,
                            "children": {
                                "SubprocessEnvManager._take_step": {
                                    "total": 6.369240199999977,
                                    "count": 1701,
                                    "self": 0.07476129999987968,
                                    "children": {
                                        "TorchPolicy.evaluate": {
                                            "total": 6.294478900000097,
                                            "count": 1701,
                                            "self": 2.5282027000001523,
                                            "children": {
                                                "TorchPolicy.sample_actions": {
                                                    "total": 3.766276199999945,
                                                    "count": 1701,
                                                    "self": 3.766276199999945
                                                }
                                            }
                                        }
                                    }
                                },
                                "workers": {
                                    "total": 0.017154000000061842,
                                    "count": 1700,
                                    "self": 0.0,
                                    "children": {
                                        "worker_root": {
                                            "total": 16.372501399999997,
                                            "count": 1700,
                                            "is_parallel": true,
                                            "self": 9.493715299999993,
                                            "children": {
                                                "steps_from_proto": {
                                                    "total": 0.0005413999999999142,
                                                    "count": 1,
                                                    "is_parallel": true,
                                                    "self": 0.00019530000000012038,
                                                    "children": {
                                                        "_process_rank_one_or_two_observation": {
                                                            "total": 0.0003460999999997938,
                                                            "count": 6,
                                                            "is_parallel": true,
                                                            "self": 0.0003460999999997938
                                                        }
                                                    }
                                                },
                                                "UnityEnvironment.step": {
                                                    "total": 6.878244700000005,
                                                    "count": 1700,
                                                    "is_parallel": true,
                                                    "self": 0.1679866999999371,
                                                    "children": {
                                                        "UnityEnvironment._generate_step_input": {
                                                            "total": 0.16838680000002704,
                                                            "count": 1700,
                                                            "is_parallel": true,
                                                            "self": 0.16838680000002704
                                                        },
                                                        "communicator.exchange": {
                                                            "total": 5.9114559000000195,
                                                            "count": 1700,
                                                            "is_parallel": true,
                                                            "self": 5.9114559000000195
                                                        },
                                                        "steps_from_proto": {
                                                            "total": 0.6304153000000214,
                                                            "count": 1700,
                                                            "is_parallel": true,
                                                            "self": 0.27899190000006335,
                                                            "children": {
                                                                "_process_rank_one_or_two_observation": {
                                                                    "total": 0.3514233999999581,
                                                                    "count": 10200,
                                                                    "is_parallel": true,
                                                                    "self": 0.3514233999999581
                                                                }
                                                            }
                                                        }
                                                    }
                                                }
                                            }
                                        }
                                    }
                                }
                            }
                        },
                        "trainer_advance": {
                            "total": 0.3846010000000213,
                            "count": 1700,
                            "self": 0.025119200000079722,
                            "children": {
                                "process_trajectory": {
                                    "total": 0.35948179999994156,
                                    "count": 1700,
                                    "self": 0.35948179999994156
                                }
                            }
                        }
                    }
                },