{
    "name": "root",
    "gauges": {
        "SideScroller.Policy.Entropy.mean": {
            "value": 4.256252288818359,
            "min": 1.2061368227005005,
            "max": 4.3404459953308105,
            "count": 134
        },
        "SideScroller.Policy.Entropy.sum": {
            "value": 127176.8125,
            "min": 31166.57421875,
            "max": 131016.359375,
            "count": 134
        },
        "SideScroller.Step.mean": {
            "value": 6479955.0,
            "min": 2489964.0,
            "max": 6479955.0,
            "count": 134
        },
        "SideScroller.Step.sum": {
            "value": 6479955.0,
            "min": 2489964.0,
            "max": 6479955.0,
            "count": 134
        },
        "SideScroller.Policy.ExtrinsicValueEstimate.mean": {
            "value": 0.03168204426765442,
            "min": 0.007163868751376867,
            "max": 0.06762981414794922,
            "count": 134
        },
        "SideScroller.Policy.ExtrinsicValueEstimate.sum": {
            "value": 15.239063262939453,
            "min": 3.431493043899536,
            "max": 32.12416076660156,
            "count": 134
        },
        "SideScroller.Environment.EpisodeLength.mean": {
            "value": 1446.7727272727273,
            "min": 471.8666666666667,
            "max": 5999.0,
            "count": 134
        },
        "SideScroller.Environment.EpisodeLength.sum": {
            "value": 31829.0,
            "min": 14156.0,
            "max": 42364.0,
            "count": 134
        },
        "SideScroller.Environment.CumulativeReward.mean": {
            "value": 0.5336819193352395,
            "min": 0.10213102522927026,
            "max": 1.895081628407206,
            "count": 134
        },
        "SideScroller.Environment.CumulativeReward.sum": {
            "value": 11.741002225375269,
            "min": 2.249916401691735,
            "max": 22.013988868915476,
            "count": 134
        },
        "SideScroller.Policy.ExtrinsicReward.mean": {
            "value": 0.5336819193352395,
            "min": 0.10213102522927026,
            "max": 1.895081628407206,
            "count": 134
        },
        "SideScroller.Policy.ExtrinsicReward.sum": {
            "value": 11.741002225375269,
            "min": 2.249916401691735,
            "max": 22.013988868915476,
            "count": 134
        },
        "SideScroller.Losses.PolicyLoss.mean": {
            "value": 0.3192142642610682,
            "min": 0.25802181403162866,
            "max": 0.3585255247584351,
            "count": 134
        },
        "SideScroller.Losses.PolicyLoss.sum": {
            "value": 8.93799939930991,
            "min": 6.966588978853974,
            "max": 10.330527892319003,
            "count": 134
        },
        "SideScroller.Losses.ValueLoss.mean": {
            "value": 0.0013552513103834204,
            "min": 1.5729585639483327e-05,
            "max": 0.0028212762395637145,
            "count": 134
        },
        "SideScroller.Losses.ValueLoss.sum": {
            "value": 0.03794703669073577,
            "min": 0.0004246988122660498,
            "max": 0.07899573470778401,
            "count": 134
        },
        "SideScroller.Policy.LearningRate.mean": {
            "value": 0.00010603703715434251,
            "min": 0.00010603703715434251,
            "max": 0.0002256867795536904,
            "count": 134
        },
        "SideScroller.Policy.LearningRate.sum": {
            "value": 0.00296903704032159,
            "min": 0.00296903704032159,
            "max": 0.0062957092014305,
            "count": 134
        },
        "SideScroller.Policy.Epsilon.mean": {
            "value": 0.1353456575,
            "min": 0.1353456575,
            "max": 0.17522891826086961,
            "count": 134
        },
        "SideScroller.Policy.Epsilon.sum": {
            "value": 3.7896784099999996,
            "min": 3.7678020699999997,
            "max": 4.91693545,
            "count": 134
        },
        "SideScroller.Policy.Beta.mean": {
            "value": 0.0035410311842500007,
            "min": 0.0035410311842500007,
            "max": 0.00752536893426087,
            "count": 134
        },
        "SideScroller.Policy.Beta.sum": {
            "value": 0.09914887315900002,
            "min": 0.09914887315900002,
            "max": 0.20992709304999999,
            "count": 134
        },
        "SideScroller.Losses.PretrainingLoss.mean": {
            "value": 0.0,
            "min": 0.0,
            "max": 0.020444779338146705,
            "count": 134
        },
        "SideScroller.Losses.PretrainingLoss.sum": {
            "value": 0.0,
            "min": 0.0,
            "max": 0.4702299247773742,
            "count": 134
        },
        "SideScroller.IsTraining.mean": {
            "value": 1.0,
            "min": 1.0,
            "max": 1.0,
            "count": 134
        },
        "SideScroller.IsTraining.sum": {
            "value": 1.0,
            "min": 1.0,
            "max": 1.0,
            "count": 134
        },
        "SideScroller.LevelComplete.mean": {
            "value": 1.0,
            "min": 0.0,
            "max": 1.0,
            "count": 129
        },
        "SideScroller.LevelComplete.sum": {
            "value": 4.0,
            "min": 0.0,
            "max": 8.0,
            "count": 129
        },
        "SideScroller.JumpAccuracy.mean": {
            "value": 3.25,
            "min": 0.7142857142857143,
            "max": 18.0,
            "count": 128
        },
        "SideScroller.JumpAccuracy.sum": {
            "value": 13.0,
            "min": 2.0,
            "max": 67.0,
            "count": 128
        }
    },
    "metadata": {
        "timer_format_version": "0.1.0",
        "start_time_seconds": "1652957722",
        "python_version": "3.9.7 (default, Sep 16 2021, 16:59:28) [MSC v.1916 64 bit (AMD64)]",
        "command_line_arguments": "C:\\Users\\harri\\python-envs\\sample-env\\Scripts\\mlagents-learn config/Imitation/SideScroller2BCRL.yaml --run-id=Test63 --env=Build2/GameLevelChanging.exe --torch-device=cuda --time-scale=3 --resume",
        "mlagents_version": "0.27.0",
        "mlagents_envs_version": "0.27.0",
        "communication_protocol_version": "1.5.0",
        "pytorch_version": "1.7.1+cu110",
        "numpy_version": "1.21.4",
        "end_time_seconds": "1652965422"
    },
    "total": 7700.0109612999995,
    "count": 1,
    "self": 0.16948669999965205,
    "children": {
        "run_training.setup": {
            "total": 0.11240460000000008,
            "count": 1,
            "self": 0.11240460000000008
        },
        "TrainerController.start_learning": {
            "total": 7699.729069999999,
            "count": 1,
            "self": 18.38372950007306,
            "children": {
                "TrainerController._reset_env": {
                    "total": 36.785243200000004,
                    "count": 1,
                    "self": 10.200825800000004,
                    "children": {
                        "demo_to_buffer": {
                            "total": 26.5844174,
                            "count": 1,
                            "self": 0.00038200000000188084,
                            "children": {
                                "load_demonstration": {
                                    "total": 0.40976820000000025,
                                    "count": 1,
                                    "self": 0.3782073999999991,
                                    "children": {
                                        "read_file": {
                                            "total": 0.031560800000001166,
                                            "count": 1,
                                            "self": 0.031560800000001166
                                        }
                                    }
                                },