{
    "name": "root",
    "metadata": {
        "timer_format_version": "0.1.0",
        "start_time_seconds": "1648122884",
        "python_version": "3.9.7 (default, Sep 16 2021, 16:59:28) [MSC v.1916 64 bit (AMD64)]",
        "command_line_arguments": "C:\\Users\\harri\\python-envs\\sample-env\\Scripts\\mlagents-learn config\\imitation\\SideScroller.yaml --env=Build\\Game.exe --run-id=Test32# --no-graphics --time-scale=3",
        "mlagents_version": "0.27.0",
        "mlagents_envs_version": "0.27.0",
        "communication_protocol_version": "1.5.0",
        "pytorch_version": "1.7.1+cu110",
        "numpy_version": "1.21.4",
        "end_time_seconds": "1648123010"
    },
    "total": 125.53260639999999,
    "count": 1,
    "self": 0.011626500000005535,
    "children": {
        "run_training.setup": {
            "total": 0.19060039999999967,
            "count": 1,
            "self": 0.19060039999999967
        },
        "TrainerController.start_learning": {
            "total": 125.33037949999999,
            "count": 1,
            "self": 1.6022140999996282,
            "children": {
                "TrainerController._reset_env": {
                    "total": 31.2146134,
                    "count": 1,
                    "self": 7.3127882,
                    "children": {
                        "demo_to_buffer": {
                            "total": 23.9018252,
                            "count": 2,
                            "self": 0.00034859999999881097,
                            "children": {
                                "load_demonstration": {
                                    "total": 0.33575390000000205,
                                    "count": 2,
                                    "self": 0.3225852000000007,
                                    "children": {
                                        "read_file": {
                                            "total": 0.013168700000001365,
                                            "count": 2,
                                            "self": 0.013168700000001365
                                        }
                                    }
                                },
                                "make_demo_buffer": {
                                    "total": 23.565722700000002,
                                    "count": 2,
                                    "self": 2.895992200000041,
                                    "children": {
                                        "steps_from_proto": {
                                            "total": 20.66973049999996,
                                            "count": 57968,
                                            "self": 11.308004199999198,
                                            "children": {
                                                "_process_rank_one_or_two_observation": {
                                                    "total": 9.361726300000763,
                                                    "count": 347808,
                                                    "self": 9.361726300000763
                                                }
                                            }
                                        }
                                    }
                                }
                            }
                        }
                    }
                },
                "TrainerController.advance": {
                    "total": 92.17443010000038,
                    "count": 2518,
                    "self": 0.04127330000015661,
                    "children": {
                        "env_step": {
                            "total": 92.13315680000022,
                            "count": 2518,
                            "self": 61.378755699999665,
                            "children": {
                                "SubprocessEnvManager._take_step": {
                                    "total": 30.713338600000007,
                                    "count": 2518,
                                    "self": 0.21515730000004396,
                                    "children": {
                                        "TorchPolicy.evaluate": {
                                            "total": 30.498181299999963,
                                            "count": 2518,
                                            "self": 7.854750300000298,
                                            "children": {
                                                "TorchPolicy.sample_actions": {
                                                    "total": 22.643430999999666,
                                                    "count": 2518,
                                                    "self": 22.643430999999666
                                                }
                                            }
                                        }
                                    }
                                },
                                "workers": {
                                    "total": 0.04106250000054956,
                                    "count": 2517,
                                    "self": 0.0,
                                    "children": {
                                        "worker_root": {
                                            "total": 120.77568610000002,
                                            "count": 2517,
                                            "is_parallel": true,
                                            "self": 111.17252580000013,
                                            "children": {
                                                "steps_from_proto": {
                                                    "total": 0.0020726999999998164,
                                                    "count": 1,
                                                    "is_parallel": true,
                                                    "self": 0.00047529999999973427,
                                                    "children": {
                                                        "_process_rank_one_or_two_observation": {
                                                            "total": 0.001597400000000082,
                                                            "count": 6,
                                                            "is_parallel": true,
                                                            "self": 0.001597400000000082
                                                        }
                                                    }
                                                },
                                                "UnityEnvironment.step": {
                                                    "total": 9.601087599999893,
                                                    "count": 2517,
                                                    "is_parallel": true,
                                                    "self": 0.4369420999992073,
                                                    "children": {
                                                        "UnityEnvironment._generate_step_input": {
                                                            "total": 0.4208818000000605,
                                                            "count": 2517,
                                                            "is_parallel": true,
                                                            "self": 0.4208818000000605
                                                        },
                                                        "communicator.exchange": {
                                                            "total": 7.089926800000157,
                                                            "count": 2517,
                                                            "is_parallel": true,