{
    "name": "root",
    "gauges": {
        "SideScroller.Policy.Entropy.mean": {
            "value": 4.868037700653076,
            "min": 3.8083431720733643,
            "max": 4.968278408050537,
            "count": 119
        },
        "SideScroller.Policy.Entropy.sum": {
            "value": 144605.0625,
            "min": 72030.2421875,
            "max": 149048.359375,
            "count": 119
        },
        "SideScroller.Environment.EpisodeLength.mean": {
            "value": 3420.125,
            "min": 119.8,
            "max": 5999.0,
            "count": 119
        },
        "SideScroller.Environment.EpisodeLength.sum": {
            "value": 27361.0,
            "min": 2995.0,
            "max": 34846.0,
            "count": 119
        },
        "SideScroller.Step.mean": {
            "value": 5069811.0,
            "min": 1529746.0,
            "max": 5069811.0,
            "count": 119
        },
        "SideScroller.Step.sum": {
            "value": 5069811.0,
            "min": 1529746.0,
            "max": 5069811.0,
            "count": 119
        },
        "SideScroller.Policy.ExtrinsicValueEstimate.mean": {
            "value": -0.0035318813752382994,
            "min": -0.09700384736061096,
            "max": 0.05327043682336807,
            "count": 119
        },
        "SideScroller.Policy.ExtrinsicValueEstimate.sum": {
            "value": -0.36025190353393555,
            "min": -10.573419570922852,
            "max": 5.327043533325195,
            "count": 119
        },
        "SideScroller.Policy.CuriosityValueEstimate.mean": {
            "value": 0.5190511345863342,
            "min": 0.06379250437021255,
            "max": 5.558017730712891,
            "count": 119
        },
        "SideScroller.Policy.CuriosityValueEstimate.sum": {
            "value": 52.943214416503906,
            "min": 6.443043231964111,
            "max": 561.3598022460938,
            "count": 119
        },
        "SideScroller.Environment.CumulativeReward.mean": {
            "value": 0.003976176289143041,
            "min": -0.8321702882255378,
            "max": 0.5303162263007835,
            "count": 119
        },
        "SideScroller.Environment.CumulativeReward.sum": {
            "value": 0.031809410313144326,
            "min": -15.81123547628522,
            "max": 3.3070588822010905,
            "count": 119
        },
        "SideScroller.Policy.ExtrinsicReward.mean": {
            "value": 0.003976176289143041,
            "min": -0.8321702882255378,
            "max": 0.5303162263007835,
            "count": 119
        },
        "SideScroller.Policy.ExtrinsicReward.sum": {
            "value": 0.031809410313144326,
            "min": -15.81123547628522,
            "max": 3.3070588822010905,
            "count": 119
        },
        "SideScroller.Policy.CuriosityReward.mean": {
            "value": 15.402998466044664,
            "min": 0.0,
            "max": 449.33734380081296,
            "count": 119
        },
        "SideScroller.Policy.CuriosityReward.sum": {
            "value": 123.22398772835732,
            "min": 0.0,
            "max": 2246.686719004065,
            "count": 119
        },
        "SideScroller.LevelComplete.mean": {
            "value": 0.0,
            "min": 0.0,
            "max": 1.0,
            "count": 21
        },
        "SideScroller.LevelComplete.sum": {
            "value": 0.0,
            "min": 0.0,
            "max": 1.0,
            "count": 21
        },
        "SideScroller.Losses.PolicyLoss.mean": {
            "value": 0.03301740238029096,
            "min": 0.029320752111574016,
            "max": 0.03853891364421056,
            "count": 119
        },
        "SideScroller.Losses.PolicyLoss.sum": {
            "value": 0.19810441428174577,
            "min": 0.11561674093263168,
            "max": 0.2185037429134051,
            "count": 119
        },
        "SideScroller.Losses.ValueLoss.mean": {
            "value": 0.0013409874684132067,
            "min": 6.768058995324586e-05,
            "max": 1.7361497293745136,
            "count": 119
        },
        "SideScroller.Losses.ValueLoss.sum": {
            "value": 0.00804592481047924,
            "min": 0.0003384029497662293,
            "max": 10.416898376247081,
            "count": 119
        },
        "SideScroller.Policy.LearningRate.mean": {
            "value": 0.00024946537684488,
            "min": 0.00024946537684488,
            "max": 0.0002847655450781533,
            "count": 119
        },
        "SideScroller.Policy.LearningRate.sum": {
            "value": 0.00149679226106928,
            "min": 0.0008542966352344599,
            "max": 0.0017054582715139198,
            "count": 119
        },
        "SideScroller.Policy.Epsilon.mean": {
            "value": 0.18315511999999998,
            "min": 0.18315511999999998,
            "max": 0.19492184666666668,
            "count": 119
        },
        "SideScroller.Policy.Epsilon.sum": {
            "value": 1.0989307199999998,
            "min": 0.58476554,
            "max": 1.16848608,
            "count": 119
        },
        "SideScroller.Policy.Beta.mean": {
            "value": 0.004159440488,
            "min": 0.004159440488,
            "max": 0.004746600148666667,
            "count": 119
        },
        "SideScroller.Policy.Beta.sum": {
            "value": 0.024956642928,
            "min": 0.014239800446000001,
            "max": 0.028427455392,
            "count": 119
        },
        "SideScroller.Losses.CuriosityForwardLoss.mean": {
            "value": 0.4229923038846917,
            "min": 0.02780279463467499,
            "max": 0.8421448335141847,
            "count": 119
        },
        "SideScroller.Losses.CuriosityForwardLoss.sum": {
            "value": 2.5379538233081504,
            "min": 0.13901397317337494,
            "max": 4.210724167570923,
            "count": 119
        },
        "SideScroller.Losses.CuriosityInverseLoss.mean": {
            "value": 20.062801827324762,
            "min": 3.178662951787313,
            "max": 20.18241216023763,
            "count": 119
        },
        "SideScroller.Losses.CuriosityInverseLoss.sum": {
            "value": 120.37681096394857,
            "min": 14.192228666941325,
            "max": 120.37681096394857,
            "count": 119
        },
        "SideScroller.IsTraining.mean": {
            "value": 1.0,
            "min": 1.0,
            "max": 1.0,
            "count": 119
        },
        "SideScroller.IsTraining.sum": {
            "value": 1.0,
            "min": 1.0,
            "max": 1.0,
            "count": 119
        },
        "SideScroller.JumpAccuracy.mean": {
            "value": 200.0,
            "min": 200.0,
            "max": 200.0,
            "count": 1
        },
        "SideScroller.JumpAccuracy.sum": {
            "value": 200.0,
            "min": 200.0,
            "max": 200.0,
            "count": 1
        }
    },
    "metadata": {
        "timer_format_version": "0.1.0",
        "start_time_seconds": "1652558390",
        "python_version": "3.9.7 (default, Sep 16 2021, 16:59:28) [MSC v.1916 64 bit (AMD64)]",
        "command_line_arguments": "C:\\Users\\harri\\python-envs\\sample-env\\Scripts\\mlagents-learn config/ppo/SideScroller.yaml --run-id=Test59RL --env=Build2/GameLevelChanging.exe --torch-device=cuda --time-scale=3 --resume",
        "mlagents_version": "0.27.0",
        "mlagents_envs_version": "0.27.0",
        "communication_protocol_version": "1.5.0",
        "pytorch_version": "1.7.1+cu110",
        "numpy_version": "1.21.4",
        "end_time_seconds": "1652567852"
    },
    "total": 9462.5607048,
    "count": 1,
    "self": 0.13627660000020114,
    "children": {
        "run_training.setup": {
            "total": 0.15748729999999966,
            "count": 1,
            "self": 0.15748729999999966
        },