{"count":1,"self":128.966912,"total":2944.2610108,"children":{"InitializeActuators":{"count":5,"self":0.0019946,"total":0.0019946,"children":null},"InitializeSensors":{"count":5,"self":0.0019947,"total":0.0059835999999999995,"children":{"CreateObservableSensors":{"count":5,"self":0.0039889,"total":0.0039889,"children":null}}},"AgentSendState":{"count":272367,"self":177.7527168,"total":307.772701,"children":{"CollectObservations":{"count":1361835,"self":7.9330544,"total":7.9330541,"children":null},"WriteActionMask":{"count":1361835,"self":4.6258332,"total":4.6258333,"children":null},"RequestDecision":{"count":1361835,"self":15.8398384,"total":117.46109949999999,"children":{"AgentInfo.ToProto":{"count":1361835,"self":13.355541599999999,"total":101.6212606,"children":{"GenerateSensorData":{"count":1361835,"self":76.3391616,"total":88.26571899999999,"children":{"RayPerceptionSensor.Perceive":{"count":1361835,"self":11.926554399999999,"total":11.9265546,"children":null}}}}}}}}},"DecideAction":{"count":272367,"self":2495.6401664,"total":2495.6400832,"children":null},"AgentAct":{"count":272367,"self":11.7297336,"total":11.872335699999999,"children":{"AgentInfo.ToProto":{"count":1471,"self":0.0150064,"total":0.1426023,"children":{"GenerateSensorData":{"count":1471,"self":0.1136587,"total":0.12759589999999998,"children":{"RayPerceptionSensor.Perceive":{"count":1471,"self":0.013937199999999999,"total":0.013937199999999999,"children":null}}}}}}}},"gauges":{"SideScroller.CumulativeReward":{"count":1471,"max":0.214242771,"min":-1.01877272,"runningAverage":-0.9431234,"value":-1.00247955,"weightedAverage":-1.00017345}},"metadata":{"timer_format_version":"0.1.0","start_time_seconds":"1644763833","unity_version":"2020.3.20f1","command_line_arguments":"C:\/Program Files\/Unity 2020.3.20f1\/Editor\/Unity.exe -projectpath C:\\Users\\harri\\OneDrive\\Documents\\Year 3\\Project\\LearningGitTracker -useHub -hubIPC -cloudEnvironment production -licensingIpc LicenseClient-olMN-qW5hGeCi0Qtl_ck2 -hubSessionId 4fda8d10-85c4-11ec-88e7-5f21d8e7a6b7 -accessToken J8NiD1O1-dGt9gQL9JSQCy6WSEatXz4Bf5_tzusN98o012f","communication_protocol_version":"1.5.0","com.unity.ml-agents_version":"2.1.0-exp.1","scene_name":"SampleScene","end_time_seconds":"1644766777"}}