{"count":1,"self":2570.1361664,"total":5420.3086306,"children":{"InitializeActuators":{"count":10,"self":0.0020107,"total":0.0020107,"children":null},"InitializeSensors":{"count":10,"self":0.0019947,"total":0.0079787,"children":{"CreateObservableSensors":{"count":10,"self":0.005984,"total":0.005984,"children":null}}},"AgentSendState":{"count":199534,"self":222.62840319999998,"total":426.86527859999995,"children":{"CollectObservations":{"count":1995340,"self":11.954553599999999,"total":11.9545534,"children":null},"WriteActionMask":{"count":1995340,"self":7.5279872,"total":7.5279872,"children":null},"RequestDecision":{"count":1995340,"self":24.004820799999997,"total":184.7543364,"children":{"AgentInfo.ToProto":{"count":1995340,"self":20.763527999999997,"total":160.7495155,"children":{"GenerateSensorData":{"count":1995340,"self":121.1499776,"total":139.9859875,"children":{"RayPerceptionSensor.Perceive":{"count":1995340,"self":18.8360128,"total":18.836013299999998,"children":null}}}}}}}}},"DecideAction":{"count":199534,"self":2408.5088256,"total":2408.508921,"children":null},"AgentAct":{"count":199534,"self":14.7312672,"total":14.7871875,"children":{"AgentInfo.ToProto":{"count":700,"self":0.0070062,"total":0.055919699999999996,"children":{"GenerateSensorData":{"count":700,"self":0.041930999999999996,"total":0.0489135,"children":{"RayPerceptionSensor.Perceive":{"count":700,"self":0.0069825,"total":0.0069825,"children":null}}}}}}}},"gauges":{"SideScroller.CumulativeReward":{"count":700,"max":1.07679188,"min":-1.16134369,"runningAverage":-0.5441911,"value":-1.05842209,"weightedAverage":-1.05226719}},"metadata":{"timer_format_version":"0.1.0","start_time_seconds":"1643893248","unity_version":"2020.3.20f1","command_line_arguments":"C:\\Program Files\\Unity 2020.3.20f1\\Editor\\Unity.exe -projectPath C:\\Users\\harri\\OneDrive\\Documents\\Year 3\\Project\\Learning 2D Side Scroller","communication_protocol_version":"1.5.0","com.unity.ml-agents_version":"2.1.0-exp.1","scene_name":"SampleScene","end_time_seconds":"1643898668"}}