{"count":1,"self":119.837312,"total":143.5646325,"children":{"InitializeActuators":{"count":5,"self":0.0020063999999999998,"total":0.0020063999999999998,"children":null},"InitializeSensors":{"count":5,"self":0.0039892999999999994,"total":0.009974499999999999,"children":{"CreateObservableSensors":{"count":5,"self":0.0059851999999999995,"total":0.0059851999999999995,"children":null}}},"AgentSendState":{"count":13891,"self":19.010395199999998,"total":22.7329199,"children":{"CollectObservations":{"count":69455,"self":0.6168483,"total":0.6168483,"children":null},"WriteActionMask":{"count":69455,"self":0.2927285,"total":0.2927285,"children":null},"RequestDecision":{"count":69455,"self":1.5530146999999999,"total":2.0890766,"children":{"RayPerceptionSensor.Perceive":{"count":69455,"self":0.5360619,"total":0.5360619,"children":null}}},"RayPerceptionSensor.Perceive":{"count":69450,"self":0.72387059999999992,"total":0.72387059999999992,"children":null}}},"DecideAction":{"count":13891,"self":0.37878819999999996,"total":0.37878819999999996,"children":null},"AgentAct":{"count":13891,"self":0.60202959999999994,"total":0.6026294,"children":{"RayPerceptionSensor.Perceive":{"count":140,"self":0.00059979999999999994,"total":0.00059979999999999994,"children":null}}}},"gauges":{"SideScroller.CumulativeReward":{"count":70,"max":1.06236291,"min":-0.179566756,"runningAverage":0.697397,"value":-0.177813023,"weightedAverage":0.110567831}},"metadata":{"timer_format_version":"0.1.0","start_time_seconds":"1646334937","unity_version":"2020.3.20f1","command_line_arguments":"C:\/Program Files\/Unity 2020.3.20f1\/Editor\/Unity.exe -projectpath C:\\Users\\harri\\OneDrive\\Documents\\Year 3\\Project\\LearningGitTracker -useHub -hubIPC -cloudEnvironment production -licensingIpc LicenseClient-harri -hubSessionId 739c6c30-9afc-11ec-9269-21eb311bf4ca -accessToken QzRJ11xbzBKl0TLwXlN4pzE8TbjKWhVhaBt88skwcqU012f","communication_protocol_version":"1.5.0","com.unity.ml-agents_version":"2.1.0-exp.1","scene_name":"SampleScene","end_time_seconds":"1646335080"}}