{
    "name": "root",
    "metadata": {
        "timer_format_version": "0.1.0",
        "start_time_seconds": "1643293529",
        "python_version": "3.9.7 (default, Sep 16 2021, 16:59:28) [MSC v.1916 64 bit (AMD64)]",
        "command_line_arguments": "C:\\Users\\harri\\python-envs\\sample-env\\Scripts\\mlagents-learn SideScroller.yaml --run-id=EnvFuncTest --force",
        "mlagents_version": "0.27.0",
        "mlagents_envs_version": "0.27.0",
        "communication_protocol_version": "1.5.0",
        "pytorch_version": "1.7.1+cu110",
        "numpy_version": "1.21.4",
        "end_time_seconds": "1643293782"
    },
    "total": 253.4116902,
    "count": 1,
    "self": 0.012865599999997812,
    "children": {
        "run_training.setup": {
            "total": 0.1335012,
            "count": 1,
            "self": 0.1335012
        },
        "TrainerController.start_learning": {
            "total": 253.2653234,
            "count": 1,
            "self": 0.17738109999999097,
            "children": {
                "TrainerController._reset_env": {
                    "total": 7.567621600000001,
                    "count": 1,
                    "self": 7.567621600000001
                },
                "TrainerController.advance": {
                    "total": 244.8800153,
                    "count": 9567,
                    "self": 0.17844550000029358,
                    "children": {
                        "env_step": {
                            "total": 243.62368880000034,
                            "count": 9567,
                            "self": 195.09519160000045,
                            "children": {
                                "SubprocessEnvManager._take_step": {
                                    "total": 48.4154424999998,
                                    "count": 9567,
                                    "self": 0.5236342999997916,
                                    "children": {
                                        "TorchPolicy.evaluate": {
                                            "total": 47.89180820000001,
                                            "count": 9567,
                                            "self": 22.123130400000832,
                                            "children": {
                                                "TorchPolicy.sample_actions": {
                                                    "total": 25.768677799999175,
                                                    "count": 9567,
                                                    "self": 25.768677799999175
                                                }
                                            }
                                        }
                                    }
                                },
                                "workers": {
                                    "total": 0.11305470000008633,
                                    "count": 9566,
                                    "self": 0.0,
                                    "children": {
                                        "worker_root": {
                                            "total": 108.97672400000008,
                                            "count": 9566,
                                            "is_parallel": true,
                                            "self": 59.03208729999976,
                                            "children": {
                                                "steps_from_proto": {
                                                    "total": 0.0006903999999998689,
                                                    "count": 1,
                                                    "is_parallel": true,
                                                    "self": 0.000396000000000285,
                                                    "children": {
                                                        "_process_rank_one_or_two_observation": {
                                                            "total": 0.0002943999999995839,
                                                            "count": 6,
                                                            "is_parallel": true,
                                                            "self": 0.0002943999999995839
                                                        }
                                                    }
                                                },
                                                "UnityEnvironment.step": {
                                                    "total": 49.94394630000031,
                                                    "count": 9566,
                                                    "is_parallel": true,
                                                    "self": 0.7610677999998146,
                                                    "children": {
                                                        "UnityEnvironment._generate_step_input": {
                                                            "total": 0.6256694000000458,
                                                            "count": 9566,
                                                            "is_parallel": true,
                                                            "self": 0.6256694000000458
                                                        },
                                                        "communicator.exchange": {
                                                            "total": 45.24822680000044,
                                                            "count": 9566,
                                                            "is_parallel": true,
                                                            "self": 45.24822680000044
                                                        },
                                                        "steps_from_proto": {
                                                            "total": 3.3089823000000127,
                                                            "count": 9566,
                                                            "is_parallel": true,
                                                            "self": 1.699437600000909,
                                                            "children": {
                                                                "_process_rank_one_or_two_observation": {
                                                                    "total": 1.6095446999991037,
                                                                    "count": 57396,
                                                                    "is_parallel": true,
                                                                    "self": 1.6095446999991037
                                                                }
                                                            }
                                                        }
                                                    }
                                                }
                                            }
                                        }
                                    }
                                }
                            }
                        },
                        "trainer_advance": {
                            "total": 1.077880999999362,
                            "count": 9566,
                            "self": 0.20497029999861205,
                            "children": {
                                "process_trajectory": {
                                    "total": 0.8729107000007499,
                                    "count": 9566,
                                    "self": 0.8729107000007499
                                }
                            }
                        }
                    }
                },