{
    "name": "root",
    "gauges": {
        "SideScroller.Policy.Entropy.mean": {
            "value": 1.4161466360092163,
            "min": 1.414015531539917,
            "max": 1.4385796785354614,
            "count": 50
        },
        "SideScroller.Policy.Entropy.sum": {
            "value": 42229.4921875,
            "min": 41934.46484375,
            "max": 43867.0390625,
            "count": 50
        },
        "SideScroller.Environment.EpisodeLength.mean": {
            "value": 335.0444444444444,
            "min": 335.0444444444444,
            "max": 3125.0,
            "count": 50
        },
        "SideScroller.Environment.EpisodeLength.sum": {
            "value": 30154.0,
            "min": 23067.0,
            "max": 35196.0,
            "count": 50
        },
        "SideScroller.Step.mean": {
            "value": 1499746.0,
            "min": 29997.0,
            "max": 1499746.0,
            "count": 50
        },
        "SideScroller.Step.sum": {
            "value": 1499746.0,
            "min": 29997.0,
            "max": 1499746.0,
            "count": 50
        },
        "SideScroller.Policy.ExtrinsicValueEstimate.mean": {
            "value": -0.5333008170127869,
            "min": -0.5443773865699768,
            "max": 0.12109512090682983,
            "count": 50
        },
        "SideScroller.Policy.ExtrinsicValueEstimate.sum": {
            "value": -95.46084594726562,
            "min": -96.899169921875,
            "max": 14.289224624633789,
            "count": 50
        },
        "SideScroller.Policy.CuriosityValueEstimate.mean": {
            "value": 0.27680620551109314,
            "min": 0.0044930619187653065,
            "max": 0.4650987386703491,
            "count": 50
        },
        "SideScroller.Policy.CuriosityValueEstimate.sum": {
            "value": 49.548309326171875,
            "min": 0.5301812887191772,
            "max": 59.736244201660156,
            "count": 50
        },
        "SideScroller.Environment.CumulativeReward.mean": {
            "value": -1.0028658600705158,
            "min": -1.0064771119419311,
            "max": -0.6114970736550276,
            "count": 50
        },
        "SideScroller.Environment.CumulativeReward.sum": {
            "value": -90.25792740634643,
            "min": -90.25792740634643,
            "max": -6.114970736550276,
            "count": 50
        },
        "SideScroller.Policy.ExtrinsicReward.mean": {
            "value": -1.0028658600705158,
            "min": -1.0064771119419311,
            "max": -0.6114970736550276,
            "count": 50
        },
        "SideScroller.Policy.ExtrinsicReward.sum": {
            "value": -90.25792740634643,
            "min": -90.25792740634643,
            "max": -6.114970736550276,
            "count": 50
        },
        "SideScroller.Policy.CuriosityReward.mean": {
            "value": 0.7208429734119111,
            "min": 0.4030668348073959,
            "max": 17.649469123780726,
            "count": 50
        },
        "SideScroller.Policy.CuriosityReward.sum": {
            "value": 64.875867607072,
            "min": 12.092005044221878,
            "max": 176.49469123780727,
            "count": 50
        },
        "SideScroller.Losses.PolicyLoss.mean": {
            "value": 0.014474271466800323,
            "min": 0.012587479340436403,
            "max": 0.022631542299253245,
            "count": 50
        },
        "SideScroller.Losses.PolicyLoss.sum": {
            "value": 0.014474271466800323,
            "min": 0.012587479340436403,
            "max": 0.040326158016978295,
            "count": 50
        },
        "SideScroller.Losses.ValueLoss.mean": {
            "value": 0.00010048914603733768,
            "min": 8.599489883636125e-05,
            "max": 0.006879361804264287,
            "count": 50
        },
        "SideScroller.Losses.ValueLoss.sum": {
            "value": 0.00010048914603733768,
            "min": 8.599489883636125e-05,
            "max": 0.007840402338964244,
            "count": 50
        },
        "SideScroller.Policy.LearningRate.mean": {
            "value": 0.0001425786099475967,
            "min": 0.0001425786099475967,
            "max": 0.00014989751506832335,
            "count": 50
        },
        "SideScroller.Policy.LearningRate.sum": {
            "value": 0.0001425786099475967,
            "min": 0.0001425786099475967,
            "max": 0.00029927794048137336,
            "count": 50
        },
        "SideScroller.Policy.Epsilon.mean": {
            "value": 0.19505240333333335,
            "min": 0.19505240333333335,
            "max": 0.19993167666666672,
            "count": 50
        },
        "SideScroller.Policy.Epsilon.sum": {
            "value": 0.19505240333333335,
            "min": 0.19505240333333335,
            "max": 0.39951862666666665,
            "count": 50
        },
        "SideScroller.Policy.Beta.mean": {
            "value": 0.004753114926333335,
            "min": 0.004753114926333335,
            "max": 0.004996590665666666,
            "count": 50
        },
        "SideScroller.Policy.Beta.sum": {
            "value": 0.004753114926333335,
            "min": 0.004753114926333335,
            "max": 0.009975979470666668,
            "count": 50
        },
        "SideScroller.Losses.CuriosityForwardLoss.mean": {
            "value": 0.0427982830752929,
            "min": 0.028459003816048305,
            "max": 0.8767104148864746,
            "count": 50
        },
        "SideScroller.Losses.CuriosityForwardLoss.sum": {
            "value": 0.0427982830752929,
            "min": 0.028459003816048305,
            "max": 0.8767104148864746,
            "count": 50
        },
        "SideScroller.Losses.CuriosityInverseLoss.mean": {
            "value": 3.662527298927307,
            "min": 3.623256468772888,
            "max": 4.140704027811686,
            "count": 50
        },
        "SideScroller.Losses.CuriosityInverseLoss.sum": {
            "value": 3.662527298927307,
            "min": 3.623256468772888,
            "max": 8.203862404823305,
            "count": 50
        },
        "SideScroller.IsTraining.mean": {
            "value": 1.0,
            "min": 1.0,
            "max": 1.0,
            "count": 50
        },
        "SideScroller.IsTraining.sum": {
            "value": 1.0,
            "min": 1.0,
            "max": 1.0,
            "count": 50
        }
    },
    "metadata": {
        "timer_format_version": "0.1.0",
        "start_time_seconds": "1645189491",
        "python_version": "3.9.7 (default, Sep 16 2021, 16:59:28) [MSC v.1916 64 bit (AMD64)]",
        "command_line_arguments": "C:\\Users\\harri\\python-envs\\sample-env\\Scripts\\mlagents-learn config\\ppo\\SideScroller.yaml --env=Build\\Game.exe --run-id=Test15",
        "mlagents_version": "0.27.0",
        "mlagents_envs_version": "0.27.0",
        "communication_protocol_version": "1.5.0",
        "pytorch_version": "1.7.1+cu110",
        "numpy_version": "1.21.4",
        "end_time_seconds": "1645192080"
    },
    "total": 2589.4587355,
    "count": 1,
    "self": 4.148395399999572,
    "children": {
        "run_training.setup": {
            "total": 0.09010059999999998,
            "count": 1,
            "self": 0.09010059999999998
        },
        "TrainerController.start_learning": {
            "total": 2585.2202395000004,
            "count": 1,
            "self": 5.006581999987247,
            "children": {
                "TrainerController._reset_env": {
                    "total": 5.2547351,
                    "count": 1,
                    "self": 5.2547351
                },
                "TrainerController.advance": {
                    "total": 2574.8058049000133,
                    "count": 301696,
                    "self": 5.074446199932936,