{
    "name": "root",
    "gauges": {
        "PushBlock.Policy.Entropy.mean": {
            "value": 0.677758514881134,
            "min": 0.677758514881134,
            "max": 0.677758514881134,
            "count": 1
        },
        "PushBlock.Policy.Entropy.sum": {
            "value": 41120.96484375,
            "min": 41120.96484375,
            "max": 41120.96484375,
            "count": 1
        },
        "PushBlock.Step.mean": {
            "value": 59946.0,
            "min": 59946.0,
            "max": 59946.0,
            "count": 1
        },
        "PushBlock.Step.sum": {
            "value": 59946.0,
            "min": 59946.0,
            "max": 59946.0,
            "count": 1
        },
        "PushBlock.Policy.ExtrinsicValueEstimate.mean": {
            "value": 0.2060910165309906,
            "min": 0.2060910165309906,
            "max": 0.2060910165309906,
            "count": 1
        },
        "PushBlock.Policy.ExtrinsicValueEstimate.sum": {
            "value": 198.053466796875,
            "min": 198.053466796875,
            "max": 198.053466796875,
            "count": 1
        },
        "PushBlock.Policy.GailValueEstimate.mean": {
            "value": 0.004856834188103676,
            "min": 0.004856834188103676,
            "max": 0.004856834188103676,
            "count": 1
        },
        "PushBlock.Policy.GailValueEstimate.sum": {
            "value": 4.667417526245117,
            "min": 4.667417526245117,
            "max": 4.667417526245117,
            "count": 1
        },
        "PushBlock.Losses.PolicyLoss.mean": {
            "value": 0.06755263686719691,
            "min": 0.06755263686719691,
            "max": 0.06755263686719691,
            "count": 1
        },
        "PushBlock.Losses.PolicyLoss.sum": {
            "value": 1.7563685585471196,
            "min": 1.7563685585471196,
            "max": 1.7563685585471196,
            "count": 1
        },
        "PushBlock.Losses.ValueLoss.mean": {
            "value": 0.03163872291548821,
            "min": 0.03163872291548821,
            "max": 0.03163872291548821,
            "count": 1
        },
        "PushBlock.Losses.ValueLoss.sum": {
            "value": 0.8226067958026935,
            "min": 0.8226067958026935,
            "max": 0.8226067958026935,
            "count": 1
        },
        "PushBlock.Policy.LearningRate.mean": {
            "value": 0.00020453495489861542,
            "min": 0.00020453495489861542,
            "max": 0.00020453495489861542,
            "count": 1
        },
        "PushBlock.Policy.LearningRate.sum": {
            "value": 0.005317908827364001,
            "min": 0.005317908827364001,
            "max": 0.005317908827364001,
            "count": 1
        },
        "PushBlock.Policy.Epsilon.mean": {
            "value": 0.16817830769230774,
            "min": 0.16817830769230774,
            "max": 0.16817830769230774,
            "count": 1
        },
        "PushBlock.Policy.Epsilon.sum": {
            "value": 4.372636000000001,
            "min": 4.372636000000001,
            "max": 4.372636000000001,
            "count": 1
        },
        "PushBlock.Policy.Beta.mean": {
            "value": 0.006821012938461538,
            "min": 0.006821012938461538,
            "max": 0.006821012938461538,
            "count": 1
        },
        "PushBlock.Policy.Beta.sum": {
            "value": 0.1773463364,
            "min": 0.1773463364,
            "max": 0.1773463364,
            "count": 1
        },
        "PushBlock.Policy.GAILPolicyEstimate.mean": {
            "value": 0.06672975844844337,
            "min": 0.06672975844844337,
            "max": 0.06672975844844337,
            "count": 1
        },
        "PushBlock.Policy.GAILPolicyEstimate.sum": {
            "value": 1.7349737196595274,
            "min": 1.7349737196595274,
            "max": 1.7349737196595274,
            "count": 1
        },
        "PushBlock.Policy.GAILExpertEstimate.mean": {
            "value": 0.9302241097821858,
            "min": 0.9302241097821858,
            "max": 0.9302241097821858,
            "count": 1
        },
        "PushBlock.Policy.GAILExpertEstimate.sum": {
            "value": 24.18582685433683,
            "min": 24.18582685433683,
            "max": 24.18582685433683,
            "count": 1
        },
        "PushBlock.Losses.GAILLoss.mean": {
            "value": 0.16791633913527734,
            "min": 0.16791633913527734,
            "max": 0.16791633913527734,
            "count": 1
        },
        "PushBlock.Losses.GAILLoss.sum": {
            "value": 4.365824817517211,
            "min": 4.365824817517211,
            "max": 4.365824817517211,
            "count": 1
        },
        "PushBlock.Policy.GAILGradMagLoss.mean": {
            "value": 0.3060967671967502,
            "min": 0.3060967671967502,
            "max": 0.3060967671967502,
            "count": 1
        },
        "PushBlock.Policy.GAILGradMagLoss.sum": {
            "value": 7.958515947115505,
            "min": 7.958515947115505,
            "max": 7.958515947115505,
            "count": 1
        },
        "PushBlock.Losses.PretrainingLoss.mean": {
            "value": 0.8969583036080981,
            "min": 0.8969583036080981,
            "max": 0.8969583036080981,
            "count": 1
        },
        "PushBlock.Losses.PretrainingLoss.sum": {
            "value": 23.32091589381055,
            "min": 23.32091589381055,
            "max": 23.32091589381055,
            "count": 1
        },
        "PushBlock.Environment.EpisodeLength.mean": {
            "value": 667.6909090909091,
            "min": 667.6909090909091,
            "max": 667.6909090909091,
            "count": 1
        },
        "PushBlock.Environment.EpisodeLength.sum": {
            "value": 36723.0,
            "min": 36723.0,
            "max": 36723.0,
            "count": 1
        },
        "PushBlock.Environment.CumulativeReward.mean": {
            "value": 1.5133308889513666,
            "min": 1.5133308889513666,
            "max": 1.5133308889513666,
            "count": 1
        },
        "PushBlock.Environment.CumulativeReward.sum": {
            "value": 83.23319889232516,
            "min": 83.23319889232516,
            "max": 83.23319889232516,
            "count": 1
        },
        "PushBlock.Policy.ExtrinsicReward.mean": {
            "value": 1.5133308889513666,
            "min": 1.5133308889513666,
            "max": 1.5133308889513666,
            "count": 1
        },
        "PushBlock.Policy.ExtrinsicReward.sum": {
            "value": 83.23319889232516,
            "min": 83.23319889232516,
            "max": 83.23319889232516,
            "count": 1
        },
        "PushBlock.Policy.GailReward.mean": {
            "value": 0.9420256384648382,
            "min": 0.9420256384648382,
            "max": 0.9420256384648382,
            "count": 1
        },
        "PushBlock.Policy.GailReward.sum": {
            "value": 51.811410115566105,
            "min": 51.811410115566105,
            "max": 51.811410115566105,
            "count": 1
        },
        "PushBlock.IsTraining.mean": {
            "value": 1.0,
            "min": 1.0,
            "max": 1.0,
            "count": 1
        },
        "PushBlock.IsTraining.sum": {
            "value": 1.0,
            "min": 1.0,
            "max": 1.0,
            "count": 1
        }
    },
    "metadata": {
        "timer_format_version": "0.1.0",
        "start_time_seconds": "1641311421",
        "python_version": "3.9.7 (default, Sep 16 2021, 16:59:28) [MSC v.1916 64 bit (AMD64)]",
        "command_line_arguments": "C:\\Users\\harri\\python-envs\\sample-env\\Scripts\\mlagents-learn config/imitation/PushBlock.yaml --run-id=PshBlkImitation --force",
        "mlagents_version": "0.27.0",
        "mlagents_envs_version": "0.27.0",
        "communication_protocol_version": "1.5.0",
        "pytorch_version": "1.7.1+cu110",